iso3,b_n_k_c,c_n_k_c,cbr_n_k_c
BFA,58657417.9802101,340000.0,172.52181758885325
MLI,9611139.525550267,380000.0,25.292472435658595
NER,1955170.1313466064,360000.0000000001,5.431028142629461
