iso3,b_n_k_c,c_n_k_c,cbr_n_k_c
BFA,58657156,340032,172.50481131187652
MLI,9611041,379984,25.293278138026864
NER,1955140,359996,5.431004788942099
